{"segment_length": 0.95, "span": 0.595, "layer_width": 0.071, "layer_height": 0.007, "layer_count": 81, "print_length": 58.04716295615281, "volume": 0.028849439989207942, "segment_number": 7.0, "robot_spawnpoint": [0.275, 0.0, 1.03276], "lift_height": 0.7}